<?xml version="1.0" encoding="UTF-8" standalone="yes"?>
<addon id="plugin.video.vox.now"
       name="VOX now"
       version="1.1"
       provider-name="tuffnerdstuff">
  <extension point="xbmc.python.pluginsource"
            library="default.py">
    <provides>video</provides>
  </extension>
  <extension point="xbmc.addon.metadata">
	<summary>VOX now : kostenlose Serien von der Seite gestreamt</summary>
	<description>Provides access to VOX on demand streams. This code has been forked from the code provided on phreekz.de</description>
    <platform>all</platform>
  </extension>
</addon>
