<?xml version="1.0" encoding="UTF-8" standalone="yes"?>
<addon id="plugin.video.zeropunctuation"
	   name="Zero Punctuation"
	   version="0.4"
	   provider-name="tuffnerdstuff">
  <requires>
    <import addon="xbmc.python" version="2.1.0"/>
  </requires>
  <extension point="xbmc.python.pluginsource"
			 library="default.py">
    	<provides>video</provides>
  </extension>
  <extension point="xbmc.addon.metadata">
    <summary>Zero Punctuation Videos</summary>
    <description>Let's you watch Ben "Yahtzee" Croshaw's zero punctuation video channel on The Escapist</description>
    <platform>all</platform>
  </extension>
</addon>
