<?xml version="1.0" encoding="UTF-8"?>
<addon id="plugin.video.rtl_now" name="NOW" version="1.1.2" provider-name="AddonScriptorDE">
    <requires>
        <import addon="xbmc.python" version="2.1.0"/>
    </requires>
    <extension point="xbmc.python.pluginsource" library="default.py">
        <provides>video</provides>
    </extension>
    <extension point="xbmc.addon.metadata">
        <platform>all</platform>
        <summary lang="en">RTL, RTL2, VOX, RTL Nitro, Super RTL and n-tv media library (Forked from AddonScriptorDE)</summary>
        <summary lang="de">RTL, RTL2, VOX, RTL Nitro, Super RTL und n-tv Mediathek (Forked from AddonScriptorDE)</summary>
        <language>de</language>
        <description lang="en">RTL, RTL2, VOX, RTL Nitro, Super RTL and n-tv media library (Forked from AddonScriptorDE)</description>
        <description lang="de">RTL, RTL2, VOX, RTL Nitro, Super RTL und n-tv Mediathek (Forked from AddonScriptorDE)</description>
        <disclaimer lang="en">Some parts of this addon may not be legal in your country of residence - please check with your local laws before installing.</disclaimer>
        <license>GNU GENERAL PUBLIC LICENSE. Version 2, June 1991</license>
        <source></source>
        <forum></forum>
        <email></email>
        <website></website>
    </extension>
</addon>
